Model,avg_time_to_first_token,avg_total_time,avg_time_per_output_token,avg_throughput
gemini,0.3181818181818181,0.6809090909090909,117.28545454545456,80.95818181818183
qwen,26.988,36.577000000000005,103.03800000000001,2.446
gemma,107.775,131.92800000000003,332.512,0.579
